Name,group,L-Proline,L-Leucine,Uric acid,cis-Aconitic acid,"D-Glucurono-6,3-lactone",Isocitric acid,Gluconic acid,Glycerylphosphorylethanolamine,Pantothenic acid,Cytidine,"7,8-Dihydroneopterin",5-Aminoimidazole ribonucleotide,Phytosphingosine,Biocytin,IDP,"PC(14:0/20:3(5Z,8Z,11Z))"
AV_003,0,0.712066699,0.740137153,33.76764824,1.835258615,0.335895412,41.42635812,6.256598869,0.379133199,0.736814844,0.319194905,0.831021699,1.735719115,0.707871172,0.058682533,0.286913982,1.719629206
AV_005,0,0.915684977,1.000004122,27.96142957,0.182633794,18.43666853,24.98884369,3.789479417,0.820111341,1.417780602,0.284216727,0.904229455,1.751570947,0.512626481,0.068338022,0.64338817,0.727719338
AV_008,0,0.886646682,0.594561018,25.98323002,1.496352865,10.05792313,28.91560802,5.187896985,0.432119132,1.386579173,0.424561275,0.839553979,2.185032539,0.742421188,0.443681818,0.482306494,6.593208409
AV_010,0,0.857264098,0.904642456,26.12699888,1.608614075,1.526329291,26.44692624,4.930983712,0.676612854,1.906426256,0.329313625,0.84147427,2.633286566,0.628127818,0.343095208,0.764948601,4.418599454
AV_013,0,0.79418092,1.00080124,38.15827183,1.525598178,0.714850918,29.06704736,4.447017384,0.617351251,1.228621795,0.350951468,0.893208463,2.579017801,0.889149057,0.638576387,0.27631786,5.357637597
AV_016,0,0.628925038,0.723282728,32.78106017,1.731222517,0.53169593,35.67031237,5.401269721,0.402007223,1.506059757,0.361777069,0.846191216,1.638293765,0.743597731,0.489378468,0.306031183,3.68828807
AV_020,0,1.008399087,1.008888386,28.90916106,1.048070156,5.172430192,26.50900319,5.129890429,0.946270644,0.86948498,0.493615716,0.877426095,2.851600854,0.736117724,0.520002552,0.42680916,2.444301412
AV_024,0,0.519730271,0.773574165,29.81023401,1.436196536,0.532284381,18.3213541,6.764161514,0.416710295,0.709187305,0.400314993,0.857454741,1.857433072,0.954013215,0.768126166,0.256526709,1.21847994
AV_027,0,0.78622164,0.771964589,28.23756176,2.268080688,3.185123047,38.92116796,7.708037184,0.533997717,1.099013417,0.314785103,0.907548545,1.795297884,1.640619449,0.338988969,0.423267912,1.093951793
AV_029,0,1.155223359,1.075768623,24.13469544,0.881799312,15.47140772,19.99962491,4.933518769,1.434715911,2.01435412,0.295499096,0.924102304,2.06176106,1.210721774,0.462784733,0.630583811,0.746685573
AV_033,0,0.929286007,0.918357088,26.92644301,0.287938,7.910669709,23.79760648,14.99383844,0.655703961,1.090490718,0.316291745,0.931443296,1.911937951,0.847037184,0.403838509,0.520578958,1.422897958
AV_036,0,0.99813174,1.088935429,26.6766181,1.534735234,1.75930344,21.29602058,6.649214431,0.644685261,1.20676026,0.42523677,0.90498511,2.279527415,0.96871163,0.405913509,0.310944103,2.548306248
AV_037,0,0.930096044,0.998032164,32.48761372,0.934086148,4.303844815,16.14843475,3.497896187,0.816242579,1.246686642,0.253119444,0.872395369,1.897438657,1.446779048,0.330504746,0.903322787,0.221497784
AV_040,0,0.841754643,0.846733305,35.08329072,2.22197205,0.510246138,38.39359306,5.506934352,0.430061401,1.099408718,0.471861142,0.838097078,1.866621721,1.401447348,0.634563961,0.284564198,2.035008806
AV_043,0,0.975699013,0.91825127,40.35343677,1.094670578,2.57135241,15.77451326,3.762843745,0.614832971,0.882881595,0.240483582,0.895514569,1.5882188,1.328636511,0.334104493,0.297054369,0.237856709
AV_044,0,0.631055943,0.773067774,29.35143704,1.135569764,0.723639038,22.49347346,4.970982625,0.417778913,0.585543508,0.349879372,0.903172068,1.72642545,1.573881702,0.450293235,0.28880206,1.10426287
AV_048,0,0.765326214,0.864285263,42.61984882,1.67685986,0.800879571,26.38520175,5.276642629,0.502899114,1.31370086,0.385880295,0.85429087,2.117108625,1.362829504,0.529244675,0.196710635,2.176465739
AV_052,0,0.71126868,0.810904276,22.18441537,1.221629889,0.549547361,31.04231745,4.557721596,0.367553347,0.640017664,0.313505981,0.831028851,1.698812316,0.58642158,0.600084963,0.240459359,4.129105535
AV_053,0,0.98270941,1.114333737,38.98594162,0.277056928,1.422941306,20.63938067,5.323616777,0.583508331,0.591422513,0.521131242,0.866863241,2.702690078,0.729913334,0.739013795,0.400848385,3.384976387
AV_060,0,0.53966995,0.747141431,49.03432068,1.336395189,4.25840885,11.10692253,5.56278002,0.61587098,1.98602002,1.723740043,0.811990292,2.278902948,0.904236312,0.426037834,0.358535869,5.199229807
AV_062,0,0.999446952,1.065270067,35.31181278,0.28997849,0.918407755,17.97973716,4.103213428,0.573602309,1.007696777,0.481353936,0.903631577,3.1411857,1.141345721,0.745359528,0.641826095,3.699875556
AV_064,0,1.511233948,1.310714292,30.57268613,0.356192668,1.27076045,17.45820261,8.528643779,0.608325079,1.443802739,0.411409707,0.935797146,3.316615694,0.981652673,0.741382222,0.808261502,3.058261938
AV_068,0,0.872367691,0.823029963,36.53094268,1.09265848,0.583532968,27.19735938,5.789574254,0.431961657,1.291675012,0.401635409,0.897310037,2.109115476,1.028541057,0.806653592,0.230013385,2.325047701
AV_070,0,0.812838197,1.106487889,35.92374988,0.338755795,1.965118156,24.42811008,5.117505807,0.488899871,1.054180061,0.173403676,0.944897461,0.961541166,0.922861862,0.493682006,0.309034102,0.321300404
AV_072,0,0.859023442,0.911007091,25.54430656,0.231272938,2.131229875,31.21356491,6.03622825,0.504183659,1.024691285,0.404490247,0.901128078,2.212025238,0.948708148,0.488000231,0.454810294,2.390739831
AV_075,0,1.083534711,0.819727577,9.944689774,1.083640724,3.107747519,17.51846608,4.642405559,0.308930781,0.588667046,0.168046256,0.956567782,0.864804492,0.721445547,0.205365611,0.18463542,0.154260815
AV_078,0,1.170622537,1.130169755,37.24807496,0.337242316,0.882313055,18.64283404,4.320538617,0.574236207,0.821285575,0.384223274,0.866873349,2.708331386,0.681788252,0.640803624,0.211964312,5.059209868
AV_080,0,1.368938901,0.94826316,9.349023066,0.279913196,2.320736127,21.86584507,4.876457802,0.687694426,0.868774944,0.182291769,0.916180155,1.337043776,0.612388615,0.191706761,0.364295557,0.164989942
AV_085,0,0.85837715,1.212731939,24.34000358,0.299983166,8.001453778,19.8382166,4.863554322,0.586944229,0.78537261,0.218812931,0.940903466,1.256381686,0.681621939,0.480908201,0.295610887,0.511603953
AV_086,0,0.895396771,0.722492622,9.998395482,0.846999375,17.08877283,15.89208136,3.6228594,0.481403141,0.815566205,0.190507541,0.923397319,1.494248567,0.714911369,0.231858415,0.45485783,0.429635841
AV_090,0,0.601173941,0.864540659,28.36352745,0.36573772,6.878327501,21.15964776,5.062163197,0.486355433,1.073105455,0.224244784,0.908522886,1.342453853,0.788970888,0.360212648,0.355049234,0.532779116
AV_092,0,0.671563966,0.7086627,16.5509659,0.128012778,32.56097723,10.96123846,4.746532669,1.849066098,1.653795948,0.267147168,0.951812275,1.991724867,0.646321319,0.367566926,0.718681436,1.097870382
AV_094,0,1.040508806,1.003075825,23.95095345,16.09441381,1.784368071,579.0794411,1.995528002,0.108008286,0.254031581,0.131618516,1.062966847,0.171660657,0.766871812,0.157245872,6.051389758,0.040153409
AV_096,0,0.635832541,0.691560364,24.54142886,1.409697352,0.983389722,29.15842618,5.189333656,0.255425258,0.664235395,0.194173835,0.95025055,0.838748798,0.778472047,0.391474467,0.356433357,0.17175558
AV_100,0,0.83414598,0.710372372,27.50121448,0.409867179,1.319762751,15.88588565,4.101167574,0.248192479,0.583313875,0.166938447,0.925451336,1.134796397,0.612705782,0.226957706,0.256564729,0.256879614
AV_103,0,0.94979311,0.837537849,25.37023843,0.246536976,6.830011581,22.14600181,4.123704035,0.567523442,2.399728041,0.220708903,0.923827809,1.704579044,0.867731473,0.670253256,0.477678099,0.445992312
AV_104,0,0.786027176,0.756990344,36.67699115,0.986398604,0.678386938,24.38102392,5.093755328,0.438574769,0.723119996,0.431159326,0.849385509,2.136365141,1.129722547,0.68354325,0.182789811,2.279109806
AV_108,0,1.02699592,0.87136849,26.23111984,0.217542652,16.22261814,20.65911285,2.826818864,1.02384564,1.179029607,0.225762329,0.926182463,1.710286675,0.919485038,0.608458883,0.361926962,0.703063325
AV_110,0,0.708675733,0.834898575,23.73830302,0.178415638,7.724041312,27.07529687,4.981464044,0.604403727,1.148624143,0.358056692,0.797078562,2.615252309,1.518079169,0.765472851,0.484524724,5.458948491
AV_114,0,0.934073395,0.929024768,15.89732177,0.156368019,28.01132005,16.94218299,6.050193652,1.09438775,1.838693793,0.340528133,0.929331732,1.90568589,0.945686533,0.688405992,0.690441723,1.043717419
AV_116,0,0.819146915,0.885899544,15.14895336,0.169413519,14.25316964,17.98382772,6.915792795,0.852210867,1.222373427,0.311779601,0.911830268,1.826797438,0.914219578,0.644983109,0.709186965,0.370603279
AV_123,0,0.927067976,0.91934967,6.516753736,0.813293316,9.210503334,15.59311929,4.656022284,0.504670776,0.688553598,0.23675389,0.895300216,1.48642828,0.752028151,0.228785336,0.418022963,0.489766826
AV_126,0,0.788507852,0.81100697,33.65928117,0.358739366,0.662098817,18.120661,3.997291143,0.385740537,0.818264678,0.203445593,0.90714638,1.165548886,0.781938929,0.533441466,0.204719373,0.705462753
AV_128,0,0.87157671,0.831867265,6.896307351,0.326489243,12.75757449,28.06837642,6.001191337,0.465318316,0.779080056,0.388236396,0.866461854,1.87096423,0.678017877,0.400828599,0.442636319,3.149497034
AV_131,0,1.074803319,1.34334946,27.0409698,0.305449966,0.802142753,20.91018077,3.752549488,0.754901596,1.07092494,0.361778931,0.826548269,3.009264909,0.988186627,1.175591395,0.797434088,4.25015982
AV_132,0,1.320694462,0.802396237,21.76378397,0.20002171,12.05909038,21.31363257,3.44413581,0.425725744,1.108108183,0.147910857,0.875150444,1.165909164,0.738241704,0.329397729,0.427220796,0.304349248
AV_134,0,0.955238155,0.799278894,26.02871611,1.458720321,5.516659104,28.85815199,5.253621467,0.408071738,1.005709488,0.195575004,0.885844833,0.947493711,1.039872671,0.447898065,0.412030928,0.400812622
AV_138,0,0.685899337,0.798201807,34.472405,1.106198897,5.136466779,23.9158052,5.259240611,0.450882524,0.999711332,0.372249812,0.860161757,1.624066364,1.010512829,0.532634607,0.37972687,3.785325457
AV_140,0,0.690441259,0.612342425,30.18594142,0.280091127,9.611633115,25.86765698,5.567100607,0.352559996,0.94714531,0.215139591,0.895027254,1.041688551,0.796696651,0.642917025,0.45566143,0.35497875
AV_143,0,0.86216345,0.742674018,57.23241595,0.857999869,5.419784383,26.41504524,5.96893907,0.594375929,0.871413076,0.50184427,0.932330548,1.27255276,0.821080973,0.255247759,0.394160843,0.406911126
AV_146,0,0.901265648,0.780840206,30.27371543,0.334959547,5.640565491,16.26861443,4.102111164,0.414949803,0.796439797,0.165348678,0.875739414,1.218237377,0.724998335,0.271560531,0.417546095,0.389905276
AV_147,0,0.919440263,0.956210051,20.25767966,0.200573652,16.47384789,17.83996118,6.158793997,1.320601328,1.555296211,0.260033378,0.904343878,1.542827733,0.655864262,0.373083217,0.589693529,1.382068409
AV_150,0,0.720417306,0.750604198,14.87077065,0.133179294,34.0591364,15.11732465,4.35115336,1.405227767,1.317070792,0.452681176,0.91421453,1.827628314,0.5820574,0.665671814,0.864092189,0.900595928
AV_156,0,0.709800754,0.789126097,15.57885872,0.193948225,35.32307707,10.46571552,4.469825021,0.893873295,1.717709567,0.350136951,0.881329829,1.550504994,0.580001577,0.503322981,0.566616698,1.131461555
AV_158,0,0.661235517,0.75918962,40.03786669,0.942858272,0.930378482,22.12285673,5.965645166,0.387834253,0.655884479,0.277263129,0.87780206,1.207008068,0.958760939,0.594874884,0.294429451,0.35649864
AV_161,0,0.68315447,0.753295964,20.88130755,0.1736984,27.77722476,19.49114094,5.120704544,1.005937292,1.651329004,0.281054468,0.917760939,1.393182229,0.566841138,0.406713367,0.661505457,0.521107352
AV_163,0,0.75415873,0.650139305,30.59509409,1.127625871,24.27881872,23.21839505,4.619791321,0.385218568,2.273482347,0.187488153,0.903392934,1.135796237,0.551860879,0.757658971,0.437182467,0.464196762
AV_165,0,0.803564987,0.83092503,4.958541494,0.365465503,5.106992649,16.53346719,4.016324218,0.573880817,1.160826258,0.298722013,0.872685018,2.729326181,0.595486624,0.742971085,0.91253885,6.436055368
AV_166,0,0.522080999,0.655121918,48.70765667,0.375021302,0.803471863,23.82793367,4.852355142,0.41414457,1.313833663,0.375872469,0.805415568,1.242966635,0.701551495,0.817942313,0.248901055,2.133415017
AV_170,0,0.875206208,1.07802376,21.01606029,0.249259339,0.582722209,10.85338162,2.652069674,0.4807607,1.156607623,0.300673925,0.878167244,2.002089758,0.821269874,0.904117883,0.626310306,5.600446846
AV_171,0,1.004287975,0.815360123,12.21853126,0.641842207,4.152500274,15.07682081,3.138868916,0.489966911,1.070425595,0.135222978,0.94963185,1.467019111,0.788538632,0.217883063,1.17205978,0.601059606
AV_175,0,0.600841798,0.690580325,32.37416912,1.223897193,0.747144187,21.27810135,4.953702101,0.368610004,1.160636125,0.321704925,0.888942522,1.640502606,0.770742728,0.548932316,0.234612311,2.6979086
AV_179,0,0.703835724,0.875749149,20.56270751,0.21182895,19.88388033,16.03333919,5.026201276,1.157598888,1.74014075,0.381615928,0.879496917,1.508149869,0.773029993,0.494332338,0.523895621,0.799700325
AV_182,0,0.553239127,0.741455974,8.093497237,1.080338613,2.877736597,20.35703221,6.296324344,0.346974134,0.772350927,0.398366226,0.963031738,1.318105001,0.859634071,0.282145281,0.262117497,2.344513843
AV_183,0,1.133440612,0.946678937,20.67853306,0.959533083,15.39307258,16.34757577,4.052162816,0.786921988,1.689754723,0.230324746,0.929397697,1.460329364,0.729070337,0.439012987,0.463717564,1.495774407
AV_185,0,0.797129262,0.775732004,10.46253516,1.453170889,0.735366321,29.41140819,5.094209198,0.427125468,0.919030675,0.34220252,0.866830414,1.586973428,0.678034532,0.221090209,0.230303469,3.140320126
AV_189,0,0.816072453,0.730947581,11.25480225,1.370879964,10.77887165,25.54497724,4.04447126,0.377852052,1.179100484,0.258630544,0.957343543,0.971966038,0.639533694,0.276141926,0.348973195,0.409290561
AV_190,0,0.715896725,0.841429952,30.87477435,0.811692865,3.573978201,17.95663809,4.186766403,0.312472392,0.891008103,0.197470516,0.957665639,0.999721966,0.826986308,0.661381892,0.264593634,0.564120837
AV_193,0,0.559267087,0.877732092,22.39089412,0.772558854,17.94908703,13.39841457,3.460707077,0.820766177,1.335024951,0.252662281,0.948633336,1.429299182,0.619688664,0.262559159,0.478655824,1.451894893
AV_194,0,0.623469942,0.812353648,26.47888232,0.260712805,4.540057726,15.74187611,4.720864565,0.547193857,1.404670898,0.204825134,0.91186792,1.254291618,0.755754623,0.267594203,0.358445839,0.670376201
AV_199,0,0.67723593,0.690787388,32.34509125,0.887770827,1.534004648,19.38121971,4.240842303,0.297254789,1.140098488,0.211476663,0.922997844,0.876707783,0.554787237,0.314536107,0.270430551,0.317593814
AV_200,0,0.78968124,0.751260943,11.19231722,0.687630207,1.758115162,13.2514722,4.027130315,0.397094378,0.673370491,0.227494863,0.863660339,1.009659397,0.590453574,0.238995041,0.200023777,0.481173625
AV_204,0,1.064046346,0.721379118,12.71847957,0.136091684,19.08314732,14.72384735,5.389924246,1.089281445,2.772123578,0.347796932,0.888568495,2.023159621,0.675691484,0.484270285,0.771297632,0.893249795
AV_206,0,1.029208931,0.984201789,32.85183393,0.844358668,0.762991189,16.96618037,4.539715516,0.46408215,1.079423788,0.438489127,0.835619309,1.685863985,0.944969585,0.740596412,0.2456494,6.568836887
AV_209,0,0.698194825,0.769062681,28.16443649,0.849578742,0.564867164,21.06368469,5.295364897,0.401133454,0.571536185,0.292544832,0.905261014,1.545989325,0.783845666,0.435228859,0.192501092,1.660730451
AV_212,0,0.770623816,0.854626138,27.55842361,1.007060757,2.313491751,21.7753812,3.830330076,0.551210656,1.43530186,0.230451699,0.91347354,1.354478291,1.058862199,0.365311667,0.377681556,0.821915819
AV_213,0,0.901566025,0.789237702,26.61425322,1.224475345,3.509863628,25.08920977,4.431547733,0.522675854,1.132679237,0.337736495,0.875390358,1.483314427,0.72508258,0.568651654,0.443188372,2.635762453
AV_219,0,0.524690302,0.753404218,23.09324413,0.750807574,13.67444595,13.51117297,2.674875549,0.779074583,1.389743817,0.170858262,0.911524373,1.543388468,0.680069761,0.230412453,0.34306458,0.777899922
AV_221,0,0.781345638,0.866702868,15.28925135,0.797949069,18.86853455,10.9699373,4.10512312,0.680961553,1.003204319,0.235136775,0.914890533,1.290774214,0.500040267,0.312853961,1.191024057,0.616869156
AV_225,0,0.718107051,0.515903335,27.54828239,0.356877381,13.59510308,20.3052117,4.626340019,0.228951232,0.879913098,0.485691083,0.896179024,1.285908951,0.580464727,0.616978156,0.37830049,4.577777268
AV_227,0,0.795753308,0.981782146,36.39723313,1.057706445,1.786061107,17.87886989,5.384454179,0.51692455,1.419863206,0.507177783,0.863637068,2.368224361,0.604220911,1.198425086,0.933036635,6.31524836
AV_230,0,0.455797852,0.568774554,12.04004218,1.056370978,1.684803597,21.3527511,6.770885821,0.339582835,1.025552612,0.327272153,0.869800879,1.656497698,0.634332912,0.268761401,0.144266119,1.769529949
AV_234,0,0.675952945,0.849138429,36.00978356,0.986849336,0.977770328,20.0083103,9.546075602,0.43081638,1.291537098,0.446849903,0.916290836,1.890958874,0.574930351,0.736975445,0.145530719,5.238724405
AV_239,0,0.669515378,0.787342251,43.70403757,1.135418448,0.748102055,20.696339,5.848188321,0.372690255,0.901305197,0.560023276,0.872015172,1.646550523,0.553657892,0.498581586,0.211341681,2.797391338
AV_240,0,0.717018425,0.909153706,40.60781896,1.056739691,2.025901466,16.89096583,3.961314834,0.5752374,0.797871557,0.499813612,0.86018936,2.275109997,0.681347074,0.594322428,0.293366901,3.41189806
AV_244,0,0.464785854,0.564887275,34.48089195,0.596186163,2.031792016,18.53011505,4.502901579,0.257859547,1.3596611,0.220819001,0.921813956,0.805023982,0.50978622,0.509584116,0.198408349,0.652988776
AV_245,0,0.894918152,0.871935977,25.96744188,0.409953947,25.80223133,12.28008692,6.95675438,1.921893102,2.247093211,0.676654917,0.9441912,1.941468571,0.549880202,0.395789081,0.479988483,1.292711174
AV_249,0,1.064281451,0.616497866,32.08669964,0.442969278,8.732519137,22.78635956,4.910033244,0.338451427,1.248686421,0.589920359,0.839321433,1.920277841,0.670213236,0.592427999,0.268523214,5.335864274
AV_251,0,0.890352163,0.919932539,32.83252426,0.406456498,6.008469655,17.34861971,4.06121042,0.461818367,1.4520335,0.241514966,0.909363397,1.203057255,0.644225365,0.380790165,0.296789688,0.775272623
AV_254,0,0.603499632,0.643118908,29.7295665,0.370845273,11.07608252,18.61162084,4.265726176,0.377478897,1.426200984,0.214880763,0.940191232,1.076402312,0.500145813,0.376599171,0.388091038,0.65125235
AV_258,0,0.644851054,0.793940103,32.74235164,0.470133252,8.571106457,21.92423527,4.414491475,0.523102745,1.250099324,0.67345015,0.888224204,2.48829065,0.683998586,0.526161253,0.243956228,4.492367726
AV_261,0,0.632731737,0.829635498,27.0678006,0.315157625,7.864574996,26.59169735,5.097462243,0.544911264,1.584279417,0.506938227,0.879440415,1.904742878,0.661346377,0.637330766,0.494251021,4.623216837
AV_264,0,0.62938508,0.922777435,39.10869508,0.376361964,6.34333724,15.21300406,5.234851883,0.599789959,1.70229093,0.262443094,0.917937254,1.093228653,1.026713492,0.360230288,0.369482201,0.488683595
AV_266,0,0.734808216,0.658250511,21.36404863,0.266202923,6.894990632,13.06745359,3.730216402,0.401785035,1.081394063,0.149239538,0.912132829,1.187940155,0.449741544,0.225555635,0.232679072,1.03401637
AV_268,0,0.794909784,0.777182569,38.2774944,0.415706666,10.25210197,18.75914642,4.566170049,0.436138148,1.311543157,0.319877125,0.888350268,1.106785025,0.55801798,0.543852342,0.323009257,0.850141951
AV_271,0,0.548984043,0.663198138,20.45284586,0.385676772,6.430710358,19.09103003,5.892893206,0.377525833,3.019506969,0.476381644,0.825899888,1.629297196,0.57261709,0.602711328,0.335825385,3.679311963
AV_276,0,0.404227091,0.700365827,22.32800971,0.258635694,4.867992119,26.15902924,4.508882801,0.360924325,1.254406523,0.179954233,0.894652932,0.923649905,0.516163546,0.387258085,0.367045101,0.694407245
AV_278,0,0.726113439,0.872011193,36.50819081,0.45926078,1.106829387,22.88629583,3.667961232,0.426257038,1.097690726,0.286331834,0.909098671,0.906501803,0.582373809,0.586550395,0.140055882,0.681147253
AV_281,0,0.583823944,0.794719698,24.69016796,0.286543771,5.167459166,17.66060185,4.595260318,0.395408343,2.992389351,0.16782625,0.956747065,1.003590119,0.530020618,0.322933719,0.363827843,1.022595479
AV_284,0,0.774214609,0.749284161,31.58334783,0.342738274,7.907510787,17.51410276,4.36640146,0.381480613,1.05849106,0.28653615,0.84860295,1.064788495,0.550327202,0.507391437,0.354685949,1.650293268
AV_286,0,0.705806142,0.683099376,30.47057117,1.62049532,4.661411805,29.97876076,6.17513141,0.414660247,1.958557961,0.52535445,0.808874799,1.970574769,0.5555355,0.620386919,0.443575915,4.906470037
AV_289,0,0.531255113,0.703581168,34.53955543,0.367324906,16.20193982,19.91419081,4.973903248,0.383648877,1.024390741,0.187262814,0.949671401,1.024848975,0.433791047,0.300723696,0.354117947,0.76424047
AV_290,0,0.534640924,0.712885065,37.71619627,0.313915383,15.59026484,19.76347713,4.526715506,0.352876914,1.448397382,0.262326909,0.934913034,0.877658419,0.38929948,0.260195038,0.337751028,1.752062033
AV_294,0,0.415227696,0.670707122,35.97471783,0.386184795,3.149229683,19.85796676,4.423931048,0.311757263,0.828740971,0.124382551,0.935068616,0.96644637,0.48013897,0.350396171,0.10480859,1.061044817
AV_201,1,1.204835906,1.041426821,20.46292062,16.04461688,1.092254443,500.4284993,1.794685417,0.111278124,0.340380428,0.224218033,1.067188858,0.167962833,0.897349962,0.127058265,7.867564797,0.047226561
AV_202,1,1.772289408,1.261974338,13.40237148,35.09517541,1.964793315,454.3324561,2.881639311,0.364508225,1.100368322,0.258580469,0.99955777,0.289767184,1.107807748,0.400539386,4.22805216,0.275522711
AV_203,1,0.931818386,1.002168747,20.4568133,14.12798376,1.204483312,480.5935165,2.611330712,0.115798116,0.544481865,0.186733267,1.03873748,0.183442648,0.807803042,0.103060948,6.746151312,0.070587129
AV_207,1,1.443008471,1.215669465,5.105304196,36.56175146,1.671311139,426.3691855,1.946025352,0.291785234,0.848848221,0.201227673,0.999609477,0.351759009,1.342456538,0.275308756,4.670096512,0.254517565
AV_208,1,2.586690607,1.312403635,13.166498,27.91864506,1.435450074,475.0490838,1.610199274,0.301949132,0.523322652,0.194355618,0.997482522,0.398970062,1.087998712,0.077761879,5.922224043,0.047118351
AV_211,1,1.04045552,1.001133873,21.10181559,16.46351556,1.368582524,468.6873713,1.851399485,0.15870292,0.53130152,0.230048439,1.0529808,0.145249619,0.893406887,0.211594712,6.004578579,0.077479287
AV_214,1,0.584572742,0.610787133,22.94119383,20.03161187,1.250563043,493.934336,3.115436789,0.087856071,0.298591521,0.213265089,1.009238227,0.166311719,0.908328083,0.015994409,5.25345401,0.106583705
AV_216,1,1.338054579,1.14904607,18.34189883,20.90301433,1.220078932,417.3120542,2.481945983,0.296361321,1.244803513,0.204797741,1.010118367,0.197532558,1.053552063,0.177792636,5.540209726,0.331062381
AV_222,1,0.932669175,1.042812119,16.76668626,27.85984629,1.589369588,431.167575,2.565162457,0.209848691,1.154865931,0.224315496,0.974176498,0.131767453,0.640286071,0.184740392,4.435296586,0.066239143
AV_226,1,0.681879181,0.870930654,20.48653291,14.38577003,0.921369403,407.3475086,1.604424379,0.101133126,0.344664245,0.17488288,1.013664652,0.192979364,0.618556381,0.165178542,6.926987185,0.372087365
AV_228,1,1.608096309,1.177147816,14.68818138,31.78405764,1.708970061,470.1279229,2.114106898,0.344709438,0.59670356,0.326250771,1.028879436,0.3652752,0.685900009,0.422419333,4.766034044,0.122195766
AV_229,1,1.125009799,0.93791225,21.85776446,16.89873808,1.787636636,559.4005015,1.213231993,0.132959181,0.30418008,0.1867912,1.053439293,0.200984512,1.417608998,0.188809658,5.380833504,0.089323172
AV_231,1,0.953512291,0.825610039,19.33330521,17.26686312,1.283811781,509.8375024,2.394398972,0.114320414,0.562210106,0.319278541,1.022122935,0.179389858,0.592642265,0.252868193,7.292415263,0.122529233
AV_237,1,1.179510292,1.227469199,16.81323074,36.62167469,1.555582904,472.5983874,2.655144894,0.339418382,0.719886338,0.322270661,1.020072981,0.390267318,0.635973125,0.097927064,5.480603613,0.110065355
AV_238,1,1.285010895,1.156458233,15.49667611,21.60288785,1.917416906,409.6997771,1.569488657,0.295165146,0.48631838,0.254683195,1.025134954,0.26593469,0.654889915,0.235872517,6.132058986,0.182504227
AV_241,1,0.887263674,0.745029975,11.62509767,19.50948809,1.776424126,512.0971816,1.545523986,0.169048723,0.338210646,0.178240092,1.073213476,0.26244238,0.796497668,0.087334849,3.712961056,0.081227241
AV_257,1,1.289654587,1.066182025,9.72786602,28.92891987,2.291067879,367.2122883,2.325475821,0.31329082,1.48501998,0.242846796,1.075942896,0.437969819,0.644619553,0.336137956,4.430472067,0.356733305
AV_267,1,1.361023117,0.962836587,19.98730979,27.92531003,1.409679793,492.4586617,3.956465913,0.210881217,0.727026306,0.244273248,1.013405858,0.360459789,0.68944334,0.095991771,5.826790025,0.075909289
AV_270,1,0.974768481,0.988736512,20.12992843,10.62025938,1.394228502,442.8473116,1.736503943,0.092754115,0.378924484,0.240228396,1.085921315,0.179930134,0.77800776,0.273750999,9.397397966,0.210811636
AV_277,1,0.812381041,1.062757679,18.72039181,12.53735717,1.23968054,476.4787774,1.206202805,0.144897312,0.387737992,0.234551876,1.039507025,0.156817726,1.103019996,0.200830152,6.848532611,0.956043061
AV_282,1,1.067126202,0.896121719,11.64772247,29.67158722,2.315840756,393.7736363,2.029342816,0.280168154,0.657586765,0.232045032,1.018951986,0.512422226,0.760532527,0.290596775,5.07853815,0.237409565
AV_283,1,0.968535389,0.866142227,21.83687589,23.25905918,1.501772605,463.0551133,2.220166644,0.164418958,0.450298558,0.27228128,1.039430945,0.128037431,0.590103798,0.089961913,5.030817945,0.367161005
AV_285,1,0.440840531,0.587404661,21.51738566,1.042468642,9.169316529,20.94033611,3.576311793,0.280926409,1.03540304,0.184862594,0.861635143,0.892972149,0.550126361,0.416529182,0.258531064,0.744124845
AV_287,1,0.752028631,0.67642907,21.9628996,16.39735263,1.350181257,507.8343827,1.736349093,0.136393002,0.341672491,0.258776209,1.059907193,0.164372537,0.731795431,0.163201388,7.417025087,0.192069357
AV_298,1,0.553018952,0.567434673,12.77227035,12.69401754,1.632124907,549.6685035,2.196597862,0.068114656,0.54890825,0.156959918,1.069400698,0.200388059,0.607464228,0.069777853,7.442685688,0.082158976
AV_299,1,0.630479537,0.658991573,20.9352398,14.3390767,1.809469442,542.4175575,1.80229642,0.109466362,0.256324346,0.246176517,1.049036479,0.16002108,0.704810695,0.136731514,6.883014589,0.088721864
AV_300,1,1.043707803,0.725444633,25.70717434,16.98112598,2.011938014,631.275027,3.263149895,0.088222741,0.556510418,0.203659312,1.031659051,0.186532091,0.793800299,0.158328095,8.703108237,0.274194523
AV_304,1,0.962456497,0.679820483,31.10556529,14.05313189,1.130391299,624.973387,3.063532732,0.07120659,0.262686294,0.186228035,1.069941235,0.183626974,0.697216777,0.157967184,7.560575325,0.078448308
AV_311,1,0.657303834,0.643679489,15.36327319,17.2956868,1.888476454,576.0309045,2.137912729,0.129409214,0.351643142,0.24010394,1.033910406,0.181529494,0.844919709,0.19555283,6.407781105,0.457251458
AV_314,1,0.64126985,0.626745909,22.42289437,18.91484171,1.209603638,540.2183135,2.998170721,0.092694083,0.495813914,0.224229896,1.098366073,0.184398414,0.771518563,0.12101782,5.102904728,0.088694425
AV_316,1,0.982742887,0.79197,13.21948012,38.60419195,1.910243573,489.4852072,2.374658342,0.367199122,1.284692797,0.338694538,0.9245853,0.50124441,0.751792559,0.166764415,4.788414724,0.161371281
AV_323,1,1.539780018,1.101303752,15.35861904,23.43240151,1.20400494,493.6916934,2.286439426,0.332017384,0.52912606,0.255334415,0.964514396,0.21213792,0.688030242,0.124492546,5.818656187,0.351234591
AV_328,1,1.165779949,0.941987324,21.86223269,28.48798359,1.603747884,523.3851062,2.472896845,0.204680858,0.480751329,0.226740132,1.014517813,0.157523199,0.661103242,0.159642289,6.41343919,0.061499984
AV_331,1,1.107963357,0.908134213,13.43055127,25.15234588,1.177444889,554.8966804,2.681820095,0.240572173,0.415685573,0.204028635,1.039015482,0.117079333,0.954365253,0.107798963,4.935990402,0.269044916
AV_333,1,1.273792847,0.936352517,17.71515045,27.48223735,1.261255217,635.7558826,2.27184381,0.235605145,0.601247212,0.244052787,1.085189473,0.27855871,0.715022901,0.159098136,5.480182383,0.342418518
AV_343,1,0.499522194,0.988451924,12.76773722,33.01954227,1.94434869,480.3782544,2.504213396,0.321038686,1.422554714,0.228894379,0.958658901,0.15100415,0.684912883,0.301518243,4.33155073,0.253198175
AV_348,1,0.523981175,0.609184646,26.78808452,17.97250537,1.468979639,455.1739999,3.254433313,0.396459621,1.688512842,0.761108177,0.909616053,1.301694479,0.690138917,0.235748693,1.323155493,0.887565549
AV_351,1,0.511313502,0.567309212,17.18811059,23.87227541,1.280204204,491.5063905,3.508531291,0.155883551,0.30642922,0.188385021,1.016437762,0.142983628,0.761631016,0.069929986,3.844855219,0.060461382
AV_352,1,0.795061614,0.977945102,17.40599804,32.94935904,1.682304595,567.9922859,2.467102655,0.289096562,0.657841888,0.296943322,1.018412367,0.307018346,0.638449348,0.145881495,5.512596203,0.089463965
AV_355,1,0.970633578,0.829110557,15.96259754,38.23671181,1.41047777,520.4199184,3.160415652,0.311158417,1.234725025,0.260548125,0.956995362,0.286110993,0.646104943,0.180039717,5.032364184,0.476217227
AV_368,1,0.870574262,0.868074161,26.16755507,27.08116903,1.630791229,584.2309832,1.921321336,0.224128189,0.608150244,0.242231982,1.000973465,0.146536085,0.558356177,0.148215747,5.842324186,0.074726314
AV_372,1,1.224522131,1.068772585,15.90010241,41.10409013,3.206986647,540.088232,2.839381204,0.536810292,1.387459657,0.3235055,1.03129698,0.409067561,0.729503129,0.160692299,4.27374623,0.470593471
AV_373,1,1.041071573,0.985781631,20.12839759,30.63314853,1.582168925,590.0821605,2.962374142,0.304859306,0.551134753,0.208269613,1.024583714,0.194466327,0.601657797,0.874850051,5.600361077,0.255040132
AV_382,1,0.616065868,0.648441584,25.41450891,16.10882657,1.418515072,607.9178187,2.193435141,0.164559092,0.359707092,0.539604869,1.067369789,0.192544949,0.708760973,0.227939597,6.066162186,0.254364016
AV_388,1,1.068194848,0.927096412,17.45321501,35.85781706,2.41039591,528.5310742,2.839317159,0.455491948,0.991737012,0.359171781,0.960939415,0.202110036,0.609213761,0.096343171,3.876850432,0.305939809
AV_391,1,1.161562761,0.949034648,20.0517156,27.67111394,1.267659892,517.5392046,3.260634835,0.257865195,0.716779384,0.347121153,0.990271966,0.193995063,0.631273372,0.05603969,5.758288894,0.068853118
AV_392,1,0.799299664,0.791131353,26.29136935,22.00314609,1.62021968,649.3501419,2.257537513,0.206253956,0.378663102,0.421999661,1.025958033,0.189826506,0.633233611,0.070433485,5.277968721,0.077521761
AV_398,1,0.631862067,0.691196959,21.13847534,13.44337518,1.31613505,562.6391154,2.431784232,0.151606875,0.297828563,0.57125241,1.07280507,0.225674728,0.900265924,0.099599796,7.177650286,0.306103218
AV_403,1,0.903086196,0.852288193,20.3782417,31.23647202,1.526537859,569.5959265,2.307045183,0.221346772,0.673732085,0.228808145,1.008531028,0.135533469,0.735124343,0.092696679,4.845891719,0.125890811
AV_407,1,1.061593729,0.947799609,2.476123404,35.4129572,2.916759984,691.3691609,3.222622622,0.493285354,0.511632602,0.26378593,1.018531149,0.37949009,0.712354069,0.33657285,5.572825765,0.090611653
AV_408,1,1.084320719,1.016879139,16.00118287,37.98642781,1.733846247,569.8653306,2.075791954,0.343561191,0.666793018,0.227312571,1.027314874,0.138820938,1.353606023,0.052267818,4.828761844,0.105560948
AV_424,1,1.203304288,0.913819954,22.94675086,26.7593221,1.395410599,625.1500873,2.510689642,0.200022818,0.540644214,0.313910358,1.073268527,0.204379508,0.751000429,0.166732498,7.152693317,0.174366059
AV_426,1,0.820394082,0.872060116,18.06937308,24.61007427,1.506609801,577.6603459,2.062089384,0.275710296,0.362756359,0.261214644,0.959927407,0.192300691,0.694235736,0.09575601,4.832995686,0.139767933
AV_427,1,1.044927209,1.035113096,1.725270264,38.63313784,1.613868695,540.3067282,3.681259943,0.401926713,0.962660624,0.284082452,0.971950086,0.234437648,0.707476634,0.036015651,5.179383033,0.235213452
AV_441,1,1.119706416,1.083134156,5.135553331,34.21649539,1.369204957,445.9365311,3.084858974,0.287105026,0.918964553,0.345276223,0.921029031,0.337484401,0.902989385,0.137932822,6.010946313,0.307478776
AV_443,1,0.663806982,0.774519972,29.56109931,25.85695991,1.54519959,598.664655,2.608162202,0.208846735,0.550974002,0.27513017,0.999034201,0.160313276,0.70137692,0.058073462,6.123030386,0.062936708
AV_447,1,0.776010097,0.615928697,33.54697534,23.70167156,1.5669123,617.4304615,2.882055579,0.139388769,0.479199708,0.179416612,0.830994571,0.15222013,0.528596429,0.086411658,5.074706812,0.050128076
AV_448,1,0.78600287,0.738093717,18.03896737,27.45376844,1.404030792,583.0996896,2.723604863,0.197881204,0.579858107,0.251217266,0.986793769,0.141753936,0.596622866,0.037051409,5.129479744,0.057875872
AV_449,1,1.215197417,0.996632098,24.12808958,25.22843595,1.336997722,597.3750038,2.673319742,0.319497948,0.330420513,0.22568464,0.995536565,0.151336406,0.578780365,0.046442811,6.963300406,0.070439345
AV_455,1,0.970367621,0.988711474,14.8709052,27.63645021,1.608303006,599.93265,5.294249602,0.491993578,0.355005004,0.286373414,0.979615762,0.2727856,0.644704537,0.016852226,4.337672164,0.074146915
AV_456,1,1.113308389,1.129430707,18.25319543,35.31581262,1.490867233,552.8401726,3.003341656,0.414533761,0.828525356,0.339467371,0.976371812,0.333530839,0.741752102,0.032651597,5.830847353,0.065626166
AV_457,1,0.87950887,0.934930735,20.79942641,34.77110417,1.412516152,609.5329808,3.095192861,0.402225996,0.54263823,0.218959428,0.946692596,0.242635385,0.7726685,0.075427209,6.033475167,0.54993013
AV_458,1,1.124955611,1.073741657,22.82332071,39.22832627,2.042903126,611.3152022,2.78007279,0.468660626,0.624212164,0.322043082,0.98716572,0.337123021,0.860043852,0.074105819,5.731272814,0.072590293
AV_295,2,0.383381649,0.579543801,41.24817351,0.330118087,14.90035622,22.05407239,5.869368417,0.418700234,1.294918176,0.42399803,0.863289203,1.45348765,0.416912654,0.388775223,0.336414769,6.718405511
AV_301,2,0.583983509,0.691464283,17.23697642,0.234121179,15.46926179,12.29660955,7.034303622,0.630009271,2.000608157,0.560130501,0.900332236,2.008568488,0.610865223,0.514068976,0.631292954,1.238389848
AV_302,2,0.600294309,0.666189047,32.67784125,0.307186271,6.193690436,20.02546804,4.839662095,0.515935589,1.332182179,0.176247589,0.94703175,1.200217761,0.557595086,0.336315812,0.330009581,0.93744822
AV_306,2,0.883533374,0.809899061,37.41387453,0.366702471,3.888592862,24.66152111,4.875614494,0.682673819,1.395803757,0.269939049,0.862735026,1.188443824,0.621376768,0.393223541,0.335982191,0.835403191
AV_309,2,0.471949455,0.505071124,39.7324309,0.499375684,1.122118808,27.65692236,6.101068455,0.329877472,0.806985453,0.258040018,0.874176443,0.890483092,0.52578775,0.379962479,0.185934362,0.666022079
AV_315,2,0.652877882,0.693824878,28.22552376,0.340661643,7.581765933,12.78629881,3.614864271,1.086964051,3.841216485,0.249861602,0.897609997,1.47948859,0.630654858,0.310975728,0.413682846,0.48296642
AV_318,2,1.331898786,0.687728706,20.39087522,0.192563526,19.25751415,12.85152846,4.250935929,1.005028113,1.494155886,0.604666629,0.862663775,3.218578897,0.529746682,0.693390949,1.359783084,4.548504594
AV_321,2,0.507400452,0.648449445,42.16745191,0.675310061,1.098341627,13.07932337,3.673113597,0.531251381,0.881933104,0.819276851,0.87198052,2.483394901,0.760136856,0.77566016,0.063380097,4.751204331
AV_324,2,0.589509499,0.662012434,18.78779837,0.262124853,5.558542867,18.30604258,8.625416063,0.496910057,2.495869173,0.395216264,0.889656142,1.279835722,0.585503858,0.385966162,0.625303317,0.625605828
AV_327,2,0.625629195,0.750352618,30.6002033,0.294139608,18.13923493,20.8652363,3.774278948,0.517848321,1.029781352,0.195674477,0.879374815,1.05748065,0.551814264,0.341425315,0.308970604,1.258901012
AV_330,2,0.607730412,0.75276668,17.7749676,0.186886676,14.24292429,12.97363337,6.182047401,1.246864275,2.678296584,0.459071741,0.947978203,1.936304262,0.735840953,0.318189208,0.709466414,1.645188802
AV_334,2,0.523773496,0.68096054,8.517684795,0.467495913,0.879295362,22.26727132,5.17042069,0.544952693,2.218721416,0.36734799,0.806075297,1.83841472,0.644319474,0.193306514,0.130536887,8.661242484
AV_336,2,0.624406581,0.86658205,17.48352535,0.434164929,1.507013,21.65191007,7.030574319,0.653066642,1.641863307,0.584904462,0.882917502,2.427046399,0.983870571,0.597967764,0.182380927,5.330003843
AV_339,2,0.584218454,0.663837595,29.4378758,0.386637066,1.530991201,17.57316952,5.79036087,0.557397278,1.083049602,0.302022882,0.883776439,1.494459962,0.63176634,0.260886456,0.306867953,0.438290654
AV_341,2,0.535515981,0.770121054,30.74977271,0.30814995,3.120422865,12.23921293,4.126305336,0.6598359,1.228142608,0.194793324,0.848130406,1.364680318,0.660995015,0.259895405,0.349034953,0.694091252
AV_344,2,1.004926888,0.773737934,35.25733308,0.367644147,2.918931116,16.73900632,4.739006594,0.610568942,1.560075568,0.305841503,0.8142216,1.479317252,0.525207824,0.421826766,0.423117068,0.843258496
AV_346,2,0.701441741,0.861095371,30.13343693,0.934281404,4.918394626,15.31338006,7.117806732,0.915092066,2.208469116,0.39791112,0.87216583,1.899835266,0.567153792,0.411460909,0.512566721,1.868205743
AV_350,2,0.527555313,0.69832314,38.79561492,0.430611274,5.365514761,23.69202729,7.713141522,0.671412674,1.53713363,0.221968673,0.894630294,1.275238824,0.602591559,0.237531097,0.376267287,0.87472147
AV_354,2,0.677836841,0.851052116,56.89615722,1.134676707,4.784285873,21.70907722,7.087802629,1.138531138,1.65788753,0.570273653,0.849365331,1.397629117,0.632877043,0.203170514,0.314929831,0.851986674
AV_358,2,0.934065315,0.671727713,34.37798495,0.416068645,5.050180818,23.81082363,6.495012352,0.537658481,1.670209839,0.859104711,0.824260471,1.897691153,0.685084872,0.478486408,0.405770666,4.05067398
AV_362,2,0.409753171,0.541195772,40.58369256,0.806219556,1.937496679,26.71578088,5.619203402,0.38787217,0.977561771,0.300030129,0.878216371,1.088481544,0.559340196,0.738857024,0.20776865,0.70685832
AV_365,2,0.907859852,0.831561822,50.63872646,1.681182932,1.572050983,29.13834218,6.578397569,0.587782181,1.373747306,0.74626341,0.829681962,2.147209888,0.582812321,0.770548301,0.260783144,9.585075471
AV_366,2,0.510222104,0.680692767,27.69421926,0.204473965,2.748267263,13.98895348,9.571758266,0.720355034,1.732563233,0.493940855,0.887169612,1.705552714,0.477804876,0.626345945,0.74802153,2.443998536
AV_370,2,0.513094449,0.722340031,28.74541019,0.584930546,19.67424742,10.74089084,5.125918223,1.243061819,1.860522725,0.380985467,0.900838038,1.501806578,0.531573244,0.25344228,0.634119823,1.867236534
AV_374,2,0.629728696,0.757318391,17.41415702,0.214634394,23.56650855,17.17778125,6.151757619,1.606262127,2.467203813,0.859111993,0.852058521,2.311601289,0.509204258,0.349470273,0.452239843,1.033846824
AV_378,2,0.836381277,0.747298335,33.94776863,0.334129697,9.49845077,18.97531792,4.854738632,0.737833891,1.448903884,0.256218308,0.863801806,1.355380604,0.52241845,0.283517461,0.346307831,0.736338917
AV_381,2,1.360421575,0.55750467,38.23746506,1.018008936,11.40213059,17.39888869,4.641670297,0.304348004,1.37137106,0.23916402,0.87199584,1.011937928,0.549019889,0.289675962,0.342462998,0.729174752
AV_384,2,0.360245419,0.522589618,19.42742374,1.655977557,0.804808611,36.56873124,8.103073581,0.299290629,1.394772065,0.55725244,0.836633026,1.137766079,0.605560999,0.265992583,0.178454979,5.426647275
AV_386,2,0.920381408,0.662044607,28.30843361,0.796970467,10.89125434,15.71355608,5.158523544,0.526663774,1.47511986,0.278969025,0.88320537,1.395266644,0.581138652,0.339513961,0.622705225,3.280848708
AV_389,2,0.571987624,0.579948611,15.39007438,0.293289044,24.05802161,13.05306305,7.679390661,0.766387491,2.191823909,0.654224647,0.831306952,1.447242306,0.575416355,0.229614338,0.519307491,0.679967364
AV_393,2,0.754960078,0.734537692,54.88241751,0.524849244,1.211405155,20.0326778,6.598584625,0.59066844,1.367887842,0.897592956,0.825196752,1.897848138,0.624060146,0.471983759,0.17186894,9.540798686
AV_396,2,0.482261612,0.68818298,46.90119435,0.612783016,2.490415501,40.72223859,6.431520863,0.416136567,1.055547517,0.739590409,0.816034925,1.417135705,1.006631848,0.359888403,0.447082714,6.902895906
AV_401,2,0.493023689,0.640847385,13.83320131,1.313628896,6.260973897,27.04981478,6.934067274,0.439375919,1.515321812,0.613186014,0.844031515,1.480198572,0.660488736,0.314713493,0.347304042,4.084539784
AV_404,2,0.456360178,0.601135129,31.89607918,0.398139391,6.58579121,21.27456887,5.527373504,0.430952348,0.897669952,0.304497152,0.873685986,1.007403844,0.632590227,0.210435798,0.428296843,0.593513419
AV_410,2,0.885063862,0.595337511,28.4312262,0.576161258,12.55247296,19.12603247,15.59956549,0.536907066,1.254041745,0.586649242,0.786013662,1.466347839,0.541911959,0.355422768,0.345531335,5.130260194
AV_413,2,0.856014785,0.69179697,13.02610812,0.134889826,9.461741898,10.02213638,5.793975433,1.386155268,2.686416127,0.532510314,0.893822631,2.011645747,0.593407386,0.20477004,0.762849933,0.817534323
AV_414,2,0.670909807,0.773628097,60.65118125,0.492235835,0.960419201,22.72921826,6.786109594,0.369296831,1.303294598,0.378791392,0.846022876,0.881507942,0.528567258,0.338039724,0.176086206,0.429104202
AV_417,2,0.435794209,0.64811284,34.56454578,0.344280392,18.13290165,20.9870793,5.925334448,0.594042574,1.291354689,0.232221066,0.86772733,1.016490286,0.526676629,0.205052986,0.443629422,0.779369382
AV_419,2,0.484929065,0.862664935,40.62923181,0.357649367,3.00170719,20.41504969,5.080092439,0.791736067,1.285804863,0.27361208,0.818363055,1.29359444,0.523601223,0.240016327,0.36537274,1.588645015
AV_421,2,0.610662193,0.519557392,15.88871716,0.512736665,7.868173746,20.8221833,6.131585948,0.344220387,0.691397849,0.256698642,0.822980154,0.971638515,0.697775031,0.136802143,0.367972596,0.438692234
AV_425,2,0.767782066,0.692957777,5.167343417,0.278222474,18.1135248,11.49387703,11.14750605,0.65390988,2.159240182,0.627158887,0.828453063,1.668041599,0.64124428,0.099287056,0.566033193,0.564791994
AV_430,2,0.908819105,0.815719625,17.67253708,0.428077829,3.407386771,17.84776436,7.446679105,0.78771182,1.27323202,0.239411116,0.848143284,1.276725998,0.581013326,0.317389681,0.445640437,1.161171132
AV_435,2,0.47948425,0.620270146,18.48106066,0.291463152,46.24890835,17.76723813,7.439623744,1.264101318,1.576614777,0.472747216,0.77377846,1.245494803,0.66607813,0.262285078,0.401783855,0.708237794
AV_437,2,0.705132042,0.802765545,32.53828003,1.180102016,4.293432757,23.57399219,4.947795857,0.723952525,1.619467535,0.284416512,0.744018724,1.328394865,0.531310416,0.231567916,0.432378745,0.983856115
AV_439,2,0.441481593,0.631359552,57.39931976,1.125433945,1.249301357,27.06093549,8.300359382,0.359527049,1.319013711,0.630561378,0.771036757,1.303296548,0.53540192,0.375183604,0.328185993,7.104033449
AV_442,2,0.756916941,0.728974413,44.49769107,0.407701836,8.358853285,25.82356555,5.308536466,0.574145922,1.214308797,0.281575418,0.802671665,0.887283279,0.489864165,0.301729505,0.36834501,0.435528125
AV_445,2,0.581726275,0.666219048,23.31574271,0.247828612,15.29209334,15.599419,10.58897451,1.388244698,2.476204231,0.644503384,0.841144933,1.818457923,0.556971162,0.252919697,0.760585037,0.752349482
AV_450,2,0.628370971,0.640785535,19.32700579,0.592964757,6.012059452,11.8882966,6.157289978,0.999023686,2.105237869,0.449857808,0.837523245,1.649979706,0.507309762,0.165657769,0.733874089,0.695494148
AV_451,2,0.654459921,0.695729139,63.14684627,0.549624679,1.460962827,27.10882603,7.309075088,0.651194135,0.935705913,0.8689545,0.794376669,2.132536827,0.56976412,0.372474777,0.854700181,10.3267254
AV_454,2,0.663011954,0.824078719,43.92112181,0.366674296,4.686276249,22.14322633,5.757634061,0.684236979,0.8672569,0.28937545,0.746661069,0.943722656,0.538429908,0.167133053,0.504618095,0.542514603
AV_002,2,1.541878753,1.413106973,15.14778174,40.33844267,1.030864786,544.6438729,1.219403814,0.354327036,0.505884603,0.126613008,0.979188081,0.102200904,1.690739778,0.292758615,4.246595536,0.256711127
AV_011,2,0.768280235,0.852835839,16.71742993,16.71558956,1.428046404,613.8779268,1.943598317,0.124179568,0.283827193,0.23665746,0.99759814,0.173972921,1.565696597,0.13104501,5.588757726,0.523887946
AV_012,2,0.111317604,0.811879338,18.51024022,47.40244181,8.637534113,510.0125356,0.591632456,0.103321245,5.80175949,0.272970743,1.014699723,0.265450878,1.611699836,0.403392605,5.516243293,0.162585718
AV_015,2,0.932519279,0.948207683,20.94018141,22.32560075,1.714763373,605.0751577,1.568619072,0.146996227,0.321765706,0.164943113,1.006165296,0.15866027,1.194521274,0.088926302,5.884093675,0.24486753
AV_017,2,1.033597413,0.782922204,18.03629482,23.78155752,1.951218942,598.3336422,2.087851633,0.151139611,0.280984144,0.17364258,1.02033943,0.24109571,1.107699238,0.135895261,4.545167538,0.279437219
AV_018,2,1.202548392,0.932196878,20.18653312,30.73265772,1.759075679,630.8329597,2.427917548,0.125217981,0.563997563,0.145538099,1.055078516,0.217432695,1.147649467,0.151413264,5.70258959,0.762613726
AV_022,2,2.21893492,1.302394306,11.0493673,41.26819466,1.542874153,596.4262006,1.54284606,0.25500751,0.688935013,0.171313771,1.007717851,0.316450932,0.944982141,0.059727656,6.12183958,0.668455848
AV_026,2,0.868273774,0.93024122,16.18869639,19.23022903,1.394293758,576.7510422,1.533296324,0.140030065,0.725139142,0.268105982,1.055583431,0.207246519,2.005461358,0.247918768,4.735926915,0.253115949
AV_032,2,1.264001848,1.134151298,14.8702263,36.44494912,1.265793844,550.2131574,2.106415407,0.29151388,0.748683487,0.287441768,1.04820945,0.482096588,1.460720976,0.18798267,4.084283338,0.271257032
AV_034,2,1.321002328,1.485020617,18.70688353,25.4847968,1.455884735,632.7069429,1.502308898,0.162001468,0.276810789,0.223275844,1.035621161,0.219388019,1.283286372,1.002146263,6.793052814,0.706322054
AV_035,2,0.032739117,0.028067128,19.80974076,30.29049877,0.777230087,587.5560424,0.860435098,0.013140612,0.533544543,0.099950118,1.027963146,0.162018093,1.884710116,0.962299708,7.611016247,0.477768675
AV_038,2,0.908486694,1.038189184,23.29850066,20.85353012,1.002826489,584.4995901,1.972178698,0.123906366,0.361734117,0.203602553,0.998097841,0.198755104,2.008957109,0.333667952,6.818999328,0.422384653
AV_039,2,2.434777627,1.26346138,15.1652928,35.65947227,1.828363948,620.930308,1.899158533,0.218811206,0.369119177,0.175865688,1.018267565,0.301450788,1.812468338,0.125917726,5.140654577,0.121026038
AV_049,2,1.679246056,1.503545618,8.350513479,23.84185517,1.538091272,644.5145155,2.152277476,0.145405441,0.824585767,0.250650889,1.005935977,0.235112231,1.916327743,0.556794662,6.292356242,2.47834497
AV_055,2,1.756763567,0.976966246,21.31489766,13.35341394,1.364210926,501.798187,3.202202937,0.073236179,0.930054485,0.148161925,1.056984969,0.256523669,1.395083135,0.267282048,5.865883602,0.823297377
AV_066,2,1.062847848,0.997107567,12.01849031,25.42615041,1.937027224,628.1245261,2.039601531,0.188845765,0.404582399,0.221645202,1.069232144,0.251301822,1.45380621,0.249544427,5.27980582,0.105905485
AV_069,2,1.099054693,1.18980642,22.32940087,17.33952352,1.737044362,591.415891,1.562661667,0.100688359,0.299446414,0.148458639,1.070592398,0.235372349,1.618858335,0.414868663,8.147616998,0.298841053
AV_073,2,1.605400968,1.40352127,21.57279626,18.2001916,1.537844661,563.0046342,2.891144551,0.107249796,0.750679667,0.17720021,1.064876492,0.217304308,1.274810363,0.241163743,6.709945886,0.256186576
AV_076,2,1.134165246,0.931388713,7.700349612,15.06612426,1.364702708,570.2598629,2.496398007,0.067965474,0.162822305,0.157688935,1.048854305,0.202829994,1.142239125,0.192033051,6.589373326,0.174561601
AV_081,2,1.358737717,1.156301702,11.67446928,15.59842384,1.460427639,485.5430256,1.755841746,0.087367892,0.24152427,0.161578591,1.017760349,0.223594296,1.161522096,0.364293748,7.837759464,0.776077445
AV_098,2,1.860346598,1.557924559,16.19900164,30.20377755,1.605926737,435.7387245,1.690028181,0.323821954,0.569323793,0.272046628,1.06087601,0.569974488,0.899271923,0.350425588,3.87757871,0.233751481
AV_102,2,0.668920346,0.790257702,23.01417034,8.547045758,1.36715544,540.1231202,2.563636629,0.086729092,0.39067645,0.346562256,1.084854328,0.157184894,1.510666196,0.280048702,6.086058381,0.24550605
AV_106,2,0.910474927,0.779949802,15.54292325,25.40338786,1.563102778,536.2283638,1.66045432,0.179292762,0.2567819,0.196405634,1.056023929,0.261839404,1.3121085,0.292161425,5.688954501,0.092466099
AV_112,2,0.999956395,1.153113272,23.83479026,19.14626737,1.541604444,543.2059093,1.746808646,0.080779788,0.315472442,0.203787048,1.046096491,0.236790106,1.561056669,0.35333522,5.933711052,0.361839619
AV_115,2,0.978098661,1.177529463,15.22203135,16.06705331,1.511971485,545.7268581,1.574460907,0.128690772,0.49524629,0.384193893,1.006255247,0.636159135,1.444005428,0.222145511,6.616468067,0.283661537
AV_117,2,1.374378977,1.271097107,2.671949205,32.24862404,1.775852323,567.8062203,2.375687518,0.190858729,0.554512623,0.207850035,1.008206126,0.300936265,1.870224048,0.212640308,5.761247783,0.106859648
AV_118,2,1.111527782,0.990351042,21.14229625,14.55291499,0.988660071,553.9300649,1.806901582,0.080018675,0.222498134,0.197170909,1.014146808,0.222150309,1.796767681,0.67112663,6.340310712,0.928453162
AV_119,2,1.971244452,1.463369523,14.94316901,38.32470422,2.102955453,500.9288057,2.743711649,0.389066131,0.798136175,0.271933465,1.009902302,0.574080657,1.360469874,0.999111246,4.232974732,0.090753636
AV_120,2,1.088004583,1.027754104,23.5211766,29.63265021,1.833871967,546.1189939,1.528882298,0.139528981,0.525858861,0.270435964,1.026091679,0.325124813,2.245977714,0.493325436,5.682385707,0.232685839
AV_130,2,1.052924358,0.792751983,17.00431076,14.44430821,1.125126832,468.7460106,1.417629903,0.110825671,0.129275209,0.189733527,1.023829814,0.165167725,0.922571638,0.169251523,5.377139097,0.043910242
AV_133,2,0.700075823,0.774870834,10.94188976,0.147396187,9.840826945,18.2136903,10.11458129,0.649722081,1.375416812,0.270385326,0.94621581,1.761596168,1.130312725,0.79393976,0.667102722,1.479684046
AV_135,2,0.995798653,1.015035252,18.93834391,25.73571167,1.678615892,484.5628455,1.514145043,0.168794232,0.500727372,0.173016612,1.025734275,0.302573493,1.021211507,0.2772705,5.553612901,0.060127424
AV_136,2,1.510643,1.221850556,21.85787928,27.2820234,1.518384599,545.0979594,1.649488307,0.175080599,0.428709025,0.228225088,1.03130564,0.18013384,1.475961447,0.277886132,6.040881664,0.194330372
AV_142,2,1.86647,0.987574211,23.36849527,24.24356559,1.447040886,498.3422863,1.960787141,0.196282752,0.389788923,0.270295189,1.004817594,0.261178077,1.037152593,0.217058976,6.327168968,0.042338071
AV_144,2,1.094284338,0.96255504,24.96784844,15.37697611,1.276470204,524.9667669,1.482093758,0.095529189,0.276836279,0.188901613,1.023896315,0.200197275,1.357827931,0.103143195,6.865509989,0.033604514
AV_145,2,1.172815926,1.04877526,18.70237769,19.11806622,1.402648056,581.1108436,1.907238554,0.18167816,0.382039899,0.109421446,1.072295266,0.168010052,1.142770422,0.299481517,5.61884515,0.043761293
AV_155,2,0.898175663,0.790646264,25.24908502,14.87852372,1.551136432,567.2452976,2.048960635,0.178404165,0.554565312,0.208866553,1.082387771,0.159974335,0.722425982,0.187575934,6.411025969,0.069571896
AV_157,2,1.137575584,0.809163995,25.77985318,17.23485374,1.57596684,556.2634707,1.871896581,0.140232608,0.359425756,0.310731975,1.047450629,0.176343436,1.534627523,0.281531704,6.141577473,0.077992577
AV_164,2,1.374847376,1.073148107,13.35826236,13.7085575,1.350322601,557.6612254,2.512810863,0.135551693,0.16112364,0.229452973,1.074214981,0.21648949,0.799070724,0.156485438,6.717593729,0.048478286
AV_167,2,1.342554342,1.30467877,2.281890353,35.09738573,2.45084644,559.5050121,1.717697383,0.352794224,2.464967945,0.272481163,1.019488043,0.476166639,0.81878187,0.054717281,4.701421108,0.066984878
AV_169,2,1.530589988,1.275533225,2.257044535,35.81004944,2.304163302,500.1721168,2.652050761,0.382525916,0.767440884,0.24220656,1.0466642,0.435394547,0.82814822,0.109466059,4.232362764,0.207179352
AV_180,2,0.865582348,1.167568198,21.86561943,12.25669543,1.372786614,507.3558663,1.250952828,0.110010348,0.390973224,0.254530312,1.10315933,0.19245567,1.237408623,0.30185583,7.706547798,0.14642116
AV_184,2,1.224484606,1.219647442,15.13915276,30.23656057,1.692053765,459.0179819,1.748527449,0.287767878,0.461660544,0.172939271,1.069011557,0.150622792,0.851857343,0.105851976,4.612461906,0.054460413
AV_186,2,2.450272851,0.893049173,19.86627237,19.58153759,1.517424981,472.2336321,1.677033768,0.169034266,0.45437115,0.303187554,1.087517324,0.23271155,0.888637482,0.225040616,6.381520037,0.062954645
AV_192,2,1.245830076,0.870434084,12.91296517,18.25945173,1.225512929,336.2123263,4.778896542,0.127635021,0.499438914,0.154110327,1.03674976,0.152730673,0.931185035,0.09870611,6.184340633,0.059206581
AV_196,2,1.283642148,1.368358802,15.87559256,36.21033675,1.151471554,416.4817976,1.934799966,0.287093636,0.608258675,0.205656506,1.073261337,0.276417843,0.837442193,0.143838057,4.27836978,2.875581345
AV_197,2,0.919789132,0.722836069,20.56486909,13.64853174,1.204412164,481.0057872,2.022143757,0.081000642,0.471722051,0.162962504,1.083456737,0.173448282,0.716081046,0.075856962,6.358348111,0.046150195
